No,Name,Min(micro sec),Average(micro sec),Max(micro sec),Call Count,,,,
0,alloc memory pool aling 1,2632.411564,3006.21615,3999.847362,1000,,,,
1,alloc memory pool aling 16,3072.899562,3480.365442,6737.723651,1000,,,,
2,alloc memory pool aling 2,3034.73996,3442.079691,4966.15664,1000,,,,
3,alloc memory pool aling 32,3247.171758,3717.160844,6593.498385,1000,,,,
4,alloc memory pool aling 4,3053.669526,3434.917202,5604.653909,1000,,,,
5,alloc memory pool aling 64,4075.565626,4538.020098,6951.657794,1000,,,,
6,alloc memory pool aling 8,3068.692992,3450.331759,5099.264541,1000,,,,
7,alloc memory pool control,5721.536468,6314.446402,8845.215342,1000,,,,
8,do notting,0,0.014753,0.300469,1000,,,,
9,free memory pool 1,649.614633,792.501937,1974.684259,1000,,,,
10,free memory pool 16,720.825858,874.75857,2014.947146,1000,,,,
11,free memory pool 2,734.346977,880.249511,1426.92872,1000,,,,
12,free memory pool 32,751.473727,881.609451,1529.088283,1000,,,,
13,free memory pool 4,738.854016,887.213896,1785.388598,1000,,,,
14,free memory pool 64,862.04643,1031.00622,1797.106901,1000,,,,
15,free memory pool 8,741.55824,891.326532,1823.848669,1000,,,,
16,free memory pool control,417.652331,506.14596,917.332782,1000,,,,
17,use memory pool aling 1,1289.313779,1548.993923,2782.946684,1000,,,1622.301809,73.307886
18,use memory pool aling 16,1465.989729,1779.854002,3352.936952,1000,,,1622.301809,-157.552193
19,use memory pool aling 2,1478.909909,1809.769665,4298.814318,1000,,,1622.301809,-187.467856
20,use memory pool aling 32,1258.064972,1514.979172,2419.679297,1000,,,1622.301809,107.322637
21,use memory pool aling 4,1489.426335,1803.346607,3056.073281,1000,,,1622.301809,-181.044798
22,use memory pool aling 64,1352.111864,1609.630615,2541.369365,1000,,,1622.301809,12.671194
23,use memory pool aling 8,1502.346515,1812.36731,3352.035544,1000,,,1622.301809,-190.065501
24,use memory pool control,1396.280851,1622.301809,3372.467457,1000,,,1622.301809,0
