No,Name,Min(micro sec),Average(micro sec),Max(micro sec),Call Count
0,alloc memory pool control,4726.983075,4950.884828,5372.391138,100,
1,use memory pool aling 1,800430.392230,824655.778841,920776.160285,100,
2,use memory pool aling 128,1702649.267892,1725556.894252,1787863.864570,100,
3,use memory pool aling 16,944990.080006,976702.183590,1009508.351094,100,
4,use memory pool aling 2,978480.989457,1008538.540428,1083894.034092,100,
5,use memory pool aling 32,923629.416786,950089.028748,1021230.560012,100,
6,use memory pool aling 4,971544.655598,1008509.630989,1055290.858792,100,
7,use memory pool aling 64,1276658.012149,1305573.650996,1359988.966767,100,
8,use memory pool aling 8,975439.639172,1010254.134300,1131842.024057,100,
9,use memory pool control,780638.479241,807095.031321,916207.825002,100,
