No,Name,Min(micro sec),Average(micro sec),Max(micro sec),Call Count
0,alloc memory pool control,4785.574589,5168.713595,6915.901947,1000,
1,do notting,0.000000,0.013849,0.300469,1000,
2,use memory pool aling 1,888.187260,1047.586827,1647.473188,1000,
3,use memory pool aling 128,1471.999115,1762.623984,2289.576089,1000,
4,use memory pool aling 16,952.487691,1180.086263,1882.139714,1000,
5,use memory pool aling 2,975.022888,1203.472289,1885.745346,1000,
6,use memory pool aling 32,969.614441,1209.798402,1903.773504,1000,
7,use memory pool aling 4,962.403178,1208.586589,1851.792314,1000,
8,use memory pool aling 64,1182.046238,1429.699480,2118.909525,1000,
9,use memory pool aling 8,971.717726,1198.604264,1964.768772,1000,
10,use memory pool control,1057.952416,1217.994020,1835.867441,8000,
