No,Name,Min(micro sec),Average(micro sec),Max(micro sec),Call Count,,,,
0,alloc memory pool control,5646.719611,5924.773291,6321.273197,100,,,,
1,use memory pool aling 1,127363.5291,136402.167,175453.641,100,,,134617.9864,-1784.180589
2,use memory pool aling 16,151292.3034,162191.1069,198386.0592,100,,,134617.9864,-27573.12054
3,use memory pool aling 2,154825.522,165440.244,194343.5452,100,,,134617.9864,-30822.25761
4,use memory pool aling 32,129487.5466,136394.0359,160145.9319,100,,,134617.9864,-1776.049521
5,use memory pool aling 4,153000.171,165617.6128,212561.6,100,,,134617.9864,-30999.62648
6,use memory pool aling 64,129818.6638,138251.7395,161885.9497,100,,,134617.9864,-3633.75311
7,use memory pool aling 8,156320.6572,165320.4855,191234.2888,100,,,134617.9864,-30702.49913
8,use memory pool control,125405.3706,134617.9864,163479.9393,100,,,134617.9864,0
